Year,SIM1,SIM2,SIM3,SIM4,SIM5,SIM6,SIM7,SIM8,SIM9,SIM10,SIM11,SIM12,SIM13,SIM14,SIM15,SIM16,SIM17,SIM18,SIM19,SIM20,SIM21,SIM22,SIM23,SIM24,SIM25,SIM26,SIM27,SIM28,SIM29,SIM30,SIM31,SIM32,SIM33,SIM34,SIM35,SIM36,SIM37,SIM38,SIM39,SIM40,SIM41,SIM42,SIM43,SIM44,SIM45,SIM46,SIM47,SIM48,SIM49,SIM50,SIM51,SIM52,SIM53,SIM54,SIM55,SIM56,SIM57,SIM58,SIM59,SIM60,SIM61,SIM62,SIM63,SIM64,SIM65,SIM66,SIM67,SIM68,SIM69,SIM70,SIM71,SIM72,SIM73,SIM74,SIM75,SIM76,SIM77,SIM78,SIM79,SIM80,SIM81,SIM82,SIM83,SIM84,SIM85,SIM86,SIM87,SIM88,SIM89,SIM90,SIM91,SIM92,SIM93,SIM94,SIM95,SIM96,SIM97,SIM98,SIM99,SIM100
2022,0.766206,0.901455,0.01079,2.298608,1.375089,0.221074,1.466914,0.714419,0.270447,0.300526,1.010094,0.995429,1.649384,1.106216,1.315623,1.499303,0.749784,0.602878,1.331261,0.971281,0.633787,0.18385,1.646449,0.968447,0.670212,2.220634,1.124961,0.450611,1.356458,0.391464,1.240073,0.112279,1.296998,2.116607,0.543042,0.864533,0.287854,1.204984,1.218868,0.366645,0.054882,1.180387,0.306963,2.081375,0.822738,0.31347,0.747474,0.244203,1.510002,0.473989,0.634414,0.942677,0.841533,0.940311,0.925693,0.339927,0.5979,0.070105,0.102087,0.387909,0.346515,0.119741,0.991405,0.302336,0.202259,1.426609,0.671928,0.672827,0.114108,0.730484,0.327848,0.382433,0.861582,0.663917,0.602026,0.163042,0.03908,0.387985,3.208288,0.420385,1.621903,0.919011,0.478933,0.340586,0.340815,0.714506,1.252175,1.624184,0.286152,0.435755,0.13359,1.292249,1.080518,0.009048,0.714604,0.095909,0.640015,0.64645,1.626701,1.068133
2023,0.24312,1.495328,0.734157,1.878568,0.456722,1.38839,1.552395,0.653812,0.952415,0.677026,0.576691,0.92717,0.492309,1.839326,3.95539,1.905659,0.689795,0.17189,0.748775,1.784603,0.83042,0.247722,1.648462,0.856376,2.22253,2.137553,2.110531,1.234757,1.230972,0.021786,2.200759,0.975233,1.267349,0.625854,1.494375,1.678817,0.806597,0.888083,0.121249,0.21641,2.122316,0.964062,2.083388,1.37838,1.769518,0.462786,1.865899,2.308716,2.154408,1.003439,0.291013,0.336645,1.748821,0.184793,0.574807,0.174375,0.681665,0.578208,0.821436,1.036759,1.3786,0.488901,0.424731,1.146744,1.549085,1.99309,2.263394,0.330949,0.373034,0.795465,1.087841,1.529182,1.070884,0.697264,1.945038,1.961262,1.197286,0.523129,2.672046,1.300868,0.646799,0.45453,0.08826,1.40253,0.520054,0.025943,2.417242,3.146017,0.894382,1.167538,1.51562,1.222759,0.565078,0.502334,0.273665,0.180568,2.307276,0.299329,2.547998,1.320258
2024,2.703647,0.033482,2.177506,4.044735,1.375056,2.858247,0.985355,0.45656,0.231873,1.698012,0.676951,0.991323,1.125171,2.476085,5.254845,1.173048,1.652413,1.428103,1.595677,3.08405,1.04656,1.839679,1.284244,0.619224,2.944552,1.575193,2.546491,1.42947,1.901924,0.074761,1.86982,2.001411,2.311107,0.667559,2.518783,2.246092,0.806315,1.575172,0.148852,0.628368,2.967154,1.28576,3.022892,1.489502,2.450651,0.180862,3.34873,3.166597,1.636754,0.601797,0.939935,0.098813,0.383311,1.175464,1.048892,1.430444,0.308051,3.177532,0.568035,2.172838,1.312592,0.626216,0.708352,0.78204,2.251316,0.507091,3.234008,0.743996,0.858419,0.26622,1.498512,1.397263,1.229852,0.55092,0.698252,2.087575,0.538737,0.002073,1.918468,1.942659,0.031938,0.98382,1.367161,0.78762,0.672486,1.48053,2.17778,2.183288,1.702159,1.748217,0.182714,1.487896,0.428928,0.667516,1.791186,0.370025,3.810087,0.100898,2.360269,2.743168
2025,5.972747,0.857275,0.680694,4.663881,0.984076,0.981939,1.973285,0.015694,0.720875,1.444185,1.295554,1.99106,1.356329,2.933119,5.190291,0.546745,1.000868,2.056743,0.819584,4.630092,0.204832,1.568483,1.732665,0.311194,3.417337,4.131991,2.014722,1.922017,2.227226,0.440104,4.003325,2.249095,2.013118,0.251766,3.133495,2.829509,1.811393,0.76468,0.083077,0.565511,4.282354,0.009123,2.963724,2.890926,2.933964,0.36249,2.929941,1.605679,1.202814,0.690922,1.355468,1.531592,0.153556,0.774038,1.587826,0.171376,0.953707,1.515064,1.083273,2.640638,1.544117,1.398171,1.356405,0.909966,1.004001,0.221423,2.467572,2.114862,0.480176,0.371248,1.036687,0.581564,0.567244,1.037192,1.446058,0.759374,0.859509,0.241013,1.720395,2.473041,0.596532,1.337772,0.913522,1.215476,0.689864,3.696494,2.798283,2.411325,1.898331,1.013558,0.00921,0.637646,2.258564,0.338999,1.485152,0.255668,2.969576,0.777462,0.043657,2.352564
2026,8.823099,0.042952,1.718684,4.769037,0.403312,0.120811,2.647128,0.506142,1.759402,2.037679,2.8065,4.521445,2.699111,2.742737,5.49795,1.723206,3.076175,1.190218,1.856268,4.963088,0.278459,1.424251,1.929471,0.313474,3.613455,2.809753,2.085092,4.022364,1.617821,0.311337,3.997405,1.427052,2.746656,1.626545,2.923647,1.612794,2.185326,1.023019,0.180094,0.083636,4.968592,1.240784,3.392635,3.20673,4.647184,0.383837,3.807796,1.725049,0.671649,0.237794,0.040608,0.654609,0.181924,0.925967,1.122932,0.780606,0.770803,2.203465,0.159549,3.650891,1.11761,1.454866,1.407264,1.842202,2.513066,2.464613,1.587777,2.224144,0.456852,0.633331,0.132652,0.231917,0.217079,0.019819,2.046615,0.348094,0.716471,0.173406,2.441143,2.357117,0.021121,2.750651,0.615455,1.037035,0.775949,6.024855,2.973401,2.455334,2.175171,1.929752,1.094871,0.608018,3.342558,0.695031,0.009753,0.108763,1.616713,1.928989,1.049506,1.582104
2027,6.608678,0.563223,1.843352,5.344397,0.352634,0.106637,2.819449,0.536669,1.824152,2.671566,1.102888,3.357049,2.360812,2.023236,4.596409,1.797117,4.379016,0.212259,1.21505,5.353544,0.237143,2.33482,3.719501,0.696415,4.13896,3.75387,1.084398,2.882205,0.846164,0.88252,3.658358,0.622806,2.492206,2.15714,4.776055,1.921435,1.269953,1.201097,0.5044,0.646669,4.508331,0.148057,2.863289,5.710638,5.043326,2.149561,3.394849,0.301248,0.831479,0.462181,0.4792,0.02684,0.271744,0.149354,0.607973,0.308187,0.262358,0.68089,1.894106,3.315579,2.170671,2.93288,2.036176,0.732498,3.526983,2.553308,0.458486,2.297405,0.304147,0.016064,1.067852,0.627371,1.267778,1.428197,2.247943,1.018812,0.62508,0.893703,0.301282,3.289893,1.19043,2.337591,0.046724,1.587799,0.106803,6.122802,3.171683,3.89739,2.437503,0.773331,2.251394,1.819412,3.325352,0.160762,0.346182,1.75242,1.283455,1.532298,1.172882,1.307162
2028,5.854283,0.140324,1.488891,5.413456,1.104129,0.03061,1.040664,0.320379,2.662506,0.320588,0.172849,4.277656,0.91246,0.319783,3.785302,1.98125,4.861627,1.638573,2.562519,5.342598,0.521741,2.324538,4.000955,2.087631,3.958944,4.816849,0.797576,1.578844,1.655546,1.599811,5.277937,0.349708,2.637534,2.725693,4.598585,2.479683,1.636115,1.539673,0.171637,0.241354,3.520862,0.371832,2.14943,7.232142,4.747737,1.305659,2.980527,1.579129,0.564172,0.650051,1.76694,0.409037,0.268872,0.696791,1.793697,1.190827,1.995329,3.51664,0.801316,3.517919,2.56701,2.037586,0.835366,1.669215,2.162347,1.911,1.383979,0.827537,0.925229,0.258506,0.181784,2.046323,0.257806,2.023956,2.572727,1.099457,1.501952,0.864551,0.411526,2.49087,0.369143,1.966601,0.933508,3.022214,1.711008,6.194089,2.230446,4.229005,2.367275,0.996903,3.686564,2.865564,4.007327,0.33703,0.630207,2.063522,1.889047,3.785929,2.192531,2.601338
2029,5.342414,0.04013,2.969875,5.232315,0.386632,0.300642,2.139029,1.471029,2.650512,1.330143,0.303758,4.908794,0.838895,1.661806,5.929662,2.027599,4.926058,2.303076,2.142353,4.445695,1.851519,2.354581,5.155716,2.922747,1.239518,6.118708,0.153334,1.689425,1.579336,1.757856,4.707911,0.450869,2.945164,4.471745,5.496541,2.810013,1.583745,1.536576,1.065879,0.016545,5.486745,0.073975,3.171024,7.220976,3.840018,1.810256,2.387071,1.218855,1.381456,0.152479,2.284488,0.306868,0.833033,2.729596,0.970958,0.456108,0.842406,2.747904,0.868411,3.899004,3.11592,1.914878,0.014701,1.675024,2.505907,0.06189,1.818747,2.054282,1.188891,0.593056,0.362829,4.027529,0.176514,3.002567,2.116054,2.425062,1.199103,0.168924,1.482334,2.234308,0.319539,2.155832,0.013077,1.780575,1.67888,6.346036,3.36323,4.358664,1.733955,0.080492,2.533933,1.379798,3.95185,1.304673,1.498432,2.901737,0.417301,2.111147,1.96061,5.211937
2030,5.746145,0.142319,3.817658,5.710917,0.053117,0.229933,2.405224,1.927564,3.714822,1.553746,0.992587,6.688279,0.470987,3.075383,5.420141,1.756563,4.775213,1.191918,2.398465,5.06334,3.761229,1.372194,6.751851,3.250164,2.472066,4.599074,0.144462,0.928705,1.665691,1.958127,4.262977,0.294455,1.985476,5.243257,4.659257,2.67363,3.086332,0.822923,0.880487,0.531322,6.496404,0.664125,3.78238,7.471556,4.609565,2.292234,2.655496,2.352801,2.03136,0.343978,2.258124,0.029139,0.452032,3.236387,0.828541,0.772261,0.241696,4.078814,2.101208,4.099575,1.415987,1.512793,0.007841,4.390327,3.749445,0.286322,1.330612,1.515375,1.821905,0.072733,1.37529,3.825142,0.657951,3.872535,2.481854,3.864674,1.268026,0.157366,1.459642,1.922535,0.303173,1.996313,0.657003,1.851502,2.235319,5.22531,2.991471,6.490109,0.785302,0.778975,3.125876,2.978168,3.632016,0.759204,0.580607,2.331331,1.147444,1.540014,2.390801,5.061167
2031,7.619359,0.195826,4.501009,7.015633,0.821632,1.523776,4.790098,2.707621,4.085258,1.198123,0.628226,7.806259,0.863272,2.307383,4.476837,1.059316,3.922025,1.473194,3.104289,5.449748,3.261583,1.126096,5.403513,3.534126,1.238025,7.031875,0.555349,1.017312,1.706212,1.627225,6.896262,0.854084,1.374594,5.417207,6.58302,2.740644,2.622076,0.626229,0.183492,1.582751,4.209734,0.394872,4.361495,7.15413,4.732941,2.792282,2.519063,3.151789,2.754884,1.081721,0.307855,0.180597,0.472571,4.330817,0.584469,2.009527,0.644651,3.708899,2.118411,4.70407,0.245423,2.776796,0.331931,4.335923,3.163147,0.386352,1.631084,2.439206,2.097983,0.022551,2.680809,3.797543,0.681541,5.001531,1.397109,2.759761,1.075954,0.717191,0.025852,2.693646,1.430425,0.98569,3.140408,1.449153,1.178282,4.386205,3.904531,5.760113,1.190537,1.513276,2.466128,3.675363,3.912016,0.571827,0.269943,2.394296,1.689161,2.489993,1.957218,4.574376
2032,6.561919,1.289406,5.01037,8.193147,1.944735,3.062568,3.507529,2.60979,2.933607,1.665285,1.345165,8.894817,1.105046,1.575534,4.376584,0.803568,3.552197,0.517677,4.438853,4.115386,5.187796,3.633015,4.565725,3.20199,0.183351,8.368803,0.086546,0.457561,2.342655,1.977965,7.180392,0.458154,1.150726,6.557004,5.808269,0.921501,1.585484,0.857687,0.301774,1.910387,4.054606,1.587944,4.817048,6.919332,4.502947,2.189399,1.265253,3.39914,1.66799,1.570347,1.203829,0.689913,0.265897,3.991725,0.162091,0.937035,1.766608,3.799741,0.946684,4.508487,0.253515,2.492037,1.597558,1.792961,3.501312,0.620025,2.856027,1.736585,3.485636,0.228029,4.056961,4.043583,1.528761,4.378383,1.00063,3.125723,0.611932,1.867344,1.29471,0.562512,0.433827,0.978029,2.523357,0.681285,0.751916,5.907649,3.528943,6.805309,0.633765,2.099151,1.583729,3.764048,2.213957,1.303069,0.535101,1.780915,1.295833,3.305379,2.997287,3.885757
2033,8.330679,0.95753,4.19918,9.256991,2.598405,2.100028,4.828066,1.92375,2.198413,1.95476,1.139847,9.775566,0.818052,1.77155,4.824065,1.342351,3.279707,0.553181,5.60047,4.014022,5.676002,2.725549,4.715374,2.594348,0.421832,8.210127,0.20933,1.012988,1.964155,1.405578,7.752881,2.728327,2.419002,6.625102,5.114766,1.221418,3.526426,1.19987,1.450583,1.197372,4.203503,1.134617,4.341181,7.729653,4.918208,1.521479,2.476867,3.152234,1.462768,2.107008,2.065888,0.744438,0.636615,4.085927,1.508078,2.067671,1.128333,4.359939,0.505978,3.359543,0.773648,3.532299,2.81356,2.142842,3.231215,0.655238,4.326534,0.045509,3.885229,0.362013,5.219412,4.72691,1.085586,5.230025,1.198376,2.990302,1.721769,1.185842,1.951625,0.168211,1.02598,1.126231,3.52987,2.599794,1.891273,5.554256,3.705083,7.83776,0.579341,2.677077,2.477012,3.573553,3.114316,2.318931,0.740725,1.363476,0.835334,3.388007,1.368497,4.210838
2034,7.629545,0.925438,3.707239,8.671305,2.150162,2.257669,3.72456,0.207355,2.360113,3.527939,1.725469,9.546014,2.850987,2.690548,3.288107,1.673218,2.264404,0.872591,5.676004,3.966066,6.31163,1.29784,4.789553,2.848157,1.217576,9.985063,0.544785,1.051881,2.948288,1.238326,7.7762,3.081489,4.845581,5.873385,5.968317,1.224748,4.167066,1.258383,1.481406,2.779784,4.027754,0.117453,3.272048,5.443693,3.751569,0.147887,1.495691,5.130193,0.752861,2.109894,1.723682,0.33508,0.977569,4.590522,0.73108,1.827055,1.011952,5.123171,0.594546,4.359632,0.188024,3.13307,2.465266,3.076151,3.57858,0.751385,3.908929,0.528417,4.130219,1.96707,4.855893,4.896356,0.303036,4.356762,3.827531,2.395873,2.355636,1.154829,1.385356,0.172371,1.592154,0.005379,3.704049,1.787443,3.905349,5.054,3.658809,9.936841,0.160097,3.417792,1.894377,4.189386,5.109455,1.084864,1.398835,2.730057,0.862672,3.398865,2.497664,3.377174
2035,6.775616,1.733728,2.592651,9.356327,1.344578,2.3131,3.292845,1.150985,1.850499,3.487587,1.491722,9.233456,1.980747,1.979829,3.50946,1.224643,2.382421,1.2242,5.85796,4.329895,6.229247,1.551968,7.34332,2.310087,1.930487,9.752428,0.573008,2.156571,1.935445,2.031376,7.360355,2.507185,5.21652,5.809009,4.44926,0.454517,5.918936,0.332353,0.530612,3.512219,3.818822,0.537968,3.511243,6.055544,3.206431,1.055655,1.262128,4.401646,1.450588,2.710241,0.911098,1.458186,0.648959,4.888269,1.43386,2.000138,1.710202,6.28575,0.489377,3.173133,0.414921,3.579025,3.134105,1.984597,2.644659,1.059229,2.958777,0.431406,4.548786,1.361311,3.88031,4.342899,0.475362,5.484149,3.077284,3.249121,2.795549,1.600543,0.905461,1.71657,0.233056,1.028968,4.563554,0.14205,6.350119,4.421424,4.056192,10.26856,1.510375,0.66024,2.042978,4.542854,5.378345,0.183999,0.896339,2.214085,1.084799,3.33809,1.567658,2.3801
2036,6.516481,2.037011,2.81529,9.888813,1.38718,2.075212,4.066612,2.01285,3.938468,4.438658,2.98884,8.487137,0.850607,2.708359,2.401453,0.61227,1.008047,2.082758,5.324822,4.836816,6.007975,1.612846,8.145862,1.132565,0.688118,9.209322,0.132592,4.239962,2.286753,2.689464,8.179663,2.488024,5.022278,4.842901,3.448367,1.875723,8.503551,2.510202,0.039889,3.498738,1.961268,1.168949,3.599652,6.181903,4.242934,0.242596,2.657923,4.23006,1.87917,2.902432,0.196179,1.78958,1.311206,4.875217,0.29321,2.289812,0.724444,7.013502,0.291007,3.77802,0.978245,4.389806,2.506004,3.649723,3.891929,1.391593,3.898225,0.259997,4.235889,3.713092,3.108598,2.860502,0.452914,6.616224,1.952172,3.900596,2.296187,0.561226,1.462914,2.113113,0.593627,1.092691,4.508562,0.897328,6.334632,6.24242,5.406253,9.098469,0.368358,1.826045,2.460338,4.782776,3.643849,0.027952,2.375651,1.531821,0.261501,1.407698,1.326934,2.279036
2037,5.024032,2.570137,2.570785,10.68786,0.865432,3.576141,5.655241,1.504475,4.576966,4.980804,4.545293,7.69063,0.111793,1.843175,2.098612,1.808304,1.228149,2.559696,4.438371,4.92477,5.028752,1.907258,7.82542,0.503767,0.376871,11.3369,1.004288,3.36729,3.173587,4.669208,10.41852,2.884067,4.83471,5.142521,3.629146,1.374544,8.458532,1.791789,0.518288,4.718136,2.425318,0.283156,3.426385,5.274112,4.792747,0.994622,2.572695,6.636041,3.659349,2.061315,0.535707,0.830152,2.201952,4.953767,0.485495,1.504703,1.473033,5.655648,0.048355,4.738862,0.989219,4.858371,1.888488,2.73293,2.943114,0.852955,5.583321,0.073091,3.943012,2.668478,3.859052,3.20362,0.133555,5.915994,1.320938,3.608201,0.553039,0.023302,0.396379,1.690963,0.078541,0.663626,5.406085,2.118982,5.395615,5.071174,6.133119,8.562139,0.124991,2.132601,1.96484,4.264244,4.893786,0.122942,3.942711,0.047196,2.408025,1.651154,0.0558,1.694849
2038,6.115984,1.910028,0.505886,11.45117,1.486748,4.033189,4.274968,1.540264,5.415409,4.062183,5.727652,8.888733,1.355613,2.187741,2.5896,2.109387,1.003403,2.390552,5.673024,5.054459,4.69261,1.194931,6.326229,0.051245,0.249086,9.867499,2.391316,1.678281,3.866924,4.32659,9.643404,2.165575,5.97044,6.562493,1.896256,0.889607,10.84254,1.766241,0.322633,4.819266,1.624217,0.125503,3.669369,6.064609,3.907729,0.902758,1.260998,5.759562,4.653391,2.833583,1.365156,1.091541,3.56088,6.084159,0.78131,1.837332,0.473321,5.057336,0.896031,6.228819,0.09889,3.212254,0.53742,3.593636,2.893798,1.824771,7.244365,1.107085,3.709551,3.12316,4.446441,3.580974,0.835382,8.148935,2.665997,2.692323,2.196402,1.56736,0.667491,1.480458,1.179157,0.825083,5.04738,3.101283,4.393977,5.861098,6.117776,10.46705,0.621442,4.50574,1.387822,3.924674,6.104067,0.825276,4.156873,2.090412,3.342228,2.184998,1.344101,1.716795
2039,5.808028,0.635332,0.846272,11.35832,1.927202,4.030616,4.414885,0.828307,5.136993,2.56285,6.048031,7.395342,0.920831,0.532623,2.190645,1.623652,1.475849,1.505828,5.962464,4.096165,4.124478,1.458932,7.62775,0.383876,0.644024,10.2754,1.916594,1.201608,3.125959,5.30595,9.736954,2.55223,4.581829,8.185145,1.061274,0.358015,12.13178,0.328667,0.843862,4.554712,1.926549,0.293139,3.725677,7.965963,4.499286,2.034106,0.12455,4.708543,2.857438,2.849384,1.553541,1.241541,3.472383,6.069746,0.151774,1.821556,0.008607,4.967292,0.51836,3.932923,0.567853,4.762088,1.894495,3.836668,2.785311,2.382407,8.824419,2.464599,4.052036,2.883682,3.551023,3.300128,1.187197,8.547639,2.180189,2.238288,2.170185,2.563941,1.43541,1.883953,0.199177,0.303981,4.207005,1.858698,4.970297,3.961676,5.935154,11.88122,0.01457,3.730746,3.631141,4.963767,3.97673,0.272099,3.531208,2.330869,3.362684,2.234269,2.254039,2.81734
2040,4.946153,2.433836,1.120192,13.14947,1.41787,3.281449,3.951726,1.388369,3.403128,3.345197,5.637936,8.077781,0.700005,0.910758,0.781434,1.345677,0.83773,2.748636,7.102261,4.433702,4.43103,2.011699,6.259104,1.027303,0.597043,10.45819,2.3899,1.622639,4.023835,2.647529,9.608281,3.536193,4.116635,8.983781,0.43876,0.501303,11.89458,1.256144,1.715123,4.011638,3.494686,0.099045,3.953808,7.507883,3.192129,2.961078,1.033026,4.806942,2.619989,3.192372,1.106239,0.044557,4.900606,7.03088,0.906519,2.260628,2.096405,3.538139,3.14712,4.028342,1.124757,4.309165,0.369561,3.322043,3.660311,1.394964,8.39743,2.337827,3.07981,3.563718,4.099164,4.251943,2.201927,7.054341,1.039311,1.455916,1.498212,3.052647,0.913748,1.341254,0.021449,0.482748,5.256992,1.949136,4.691744,4.000113,5.097112,10.98519,0.818324,3.127009,5.621989,4.091433,4.338271,0.404463,3.196631,3.048474,3.496394,1.745774,3.157088,1.96391
2041,3.886223,2.386042,0.119678,11.08043,1.18848,2.069134,4.872682,1.830929,2.464941,1.922323,5.897414,6.023693,0.74729,1.55898,1.27569,0.469369,3.322791,2.044828,9.478373,6.914887,5.951346,2.081337,8.43039,1.405165,0.046467,11.65896,1.729065,0.776367,4.658199,3.199262,8.756141,2.646995,4.116798,8.679021,0.285401,2.346853,12.86684,2.34078,0.480472,2.44846,2.013466,0.64858,4.734627,7.44028,3.21402,1.982413,2.007684,5.39477,3.176896,3.205729,1.006057,0.122775,6.00053,8.086801,1.360501,3.678265,0.98244,3.912771,2.55587,3.885767,1.639585,3.765927,0.880156,4.472026,1.024489,0.068973,9.594544,1.921324,3.035205,2.780915,3.882007,5.81088,1.105227,6.783985,1.981385,1.811512,0.975251,3.182609,2.475719,0.334721,0.557587,0.062853,6.843325,1.019655,5.81104,4.107488,6.327569,10.68702,0.512339,5.595626,5.776054,3.795063,4.508894,0.375878,3.579362,2.618717,2.224395,0.083815,1.886924,1.624743
2042,1.742259,1.694766,0.670497,10.01548,2.591191,2.623996,4.019856,0.588498,3.000061,1.431251,7.148806,6.477394,0.109557,3.336133,1.946129,0.232923,3.43491,2.779814,8.329163,5.720874,4.838442,1.805346,9.357398,2.235281,1.160986,11.54093,1.170668,1.368788,4.372957,2.608695,8.775746,4.395811,3.338542,7.278336,0.609989,2.701174,11.30653,1.043202,0.307608,2.044723,2.244694,0.035614,4.303989,7.141336,3.888201,0.298777,0.968502,6.253443,2.483318,2.316352,2.838494,1.276646,5.269685,9.188987,1.647981,2.590813,1.974591,5.226604,1.967841,4.080611,1.874638,4.867329,0.695184,4.926689,0.253161,0.706474,9.672897,1.257348,2.774832,2.898285,4.431471,5.640833,1.090723,7.724067,2.734188,2.869771,1.402497,3.702996,3.712954,1.412545,0.191372,0.489346,6.429071,0.586687,7.083611,4.733528,7.337391,10.62791,1.603498,6.281068,6.482614,4.76728,4.706086,0.287722,4.547016,2.9576,0.022607,1.177245,2.621975,0.433535
2043,0.790194,2.867378,0.070896,9.489597,3.192847,2.418806,3.595517,1.062441,1.573029,1.598071,5.650072,6.249167,0.074065,3.448389,1.921875,0.50788,3.560824,1.253677,9.923023,6.652921,2.874968,1.945492,10.27488,1.677406,0.887794,11.99058,2.852566,4.360973,3.373088,1.699846,9.544873,4.330869,4.477811,7.182275,0.712733,2.750108,11.43388,1.699622,0.112236,0.871112,2.046315,1.586429,3.68122,5.698451,4.873955,1.219835,1.15695,5.21002,2.280531,3.440419,3.681636,0.844608,4.362632,8.961824,1.888401,2.226004,1.277215,6.175394,1.021868,5.449237,0.214063,4.422389,1.625217,4.273013,0.219021,1.216352,7.919754,1.383627,3.822255,3.149103,5.875551,5.994005,2.803619,8.610331,1.96216,0.688554,0.91649,4.692084,4.660229,1.311879,1.284652,0.041658,6.990576,1.480967,7.752466,5.78481,6.300331,10.37018,2.250574,6.05417,6.777009,5.987484,4.504008,1.098128,5.182661,3.299393,0.718028,0.916394,2.924568,1.310319
2044,0.715021,3.455226,0.686638,8.870996,3.256063,2.056654,5.397129,0.022959,2.1345,0.213581,6.826667,7.247907,0.881812,4.217087,2.170305,1.672669,3.139924,1.987336,10.65721,6.742452,5.627487,2.144317,10.32212,0.150736,0.004043,14.52068,3.933742,4.533823,3.603945,1.228732,10.23075,3.725653,7.047348,7.554484,2.256877,2.659897,11.55653,1.563025,1.143603,1.609307,1.635629,1.62752,3.984723,4.799836,5.911699,2.403507,2.097251,5.52866,2.582107,2.460219,3.265032,2.540368,4.259111,7.569879,1.719448,1.767387,2.018239,6.925733,0.35225,5.353494,0.596134,4.17422,2.565357,3.11185,0.732379,1.576509,8.586572,1.668241,4.036046,4.2307,5.205676,6.030284,2.474375,8.918461,3.253314,0.983664,1.790698,5.225436,7.686339,2.318857,0.771769,0.130602,5.471726,0.429278,5.518928,6.102042,7.441266,10.90961,4.785227,7.421462,7.038387,4.91879,4.339096,1.713411,5.585307,3.211557,0.15159,0.709394,3.384132,2.739965
2045,1.395903,2.155539,0.131738,9.257159,3.159076,1.22699,5.369362,0.846961,3.205873,0.877262,5.375097,7.030927,0.834122,5.204469,2.273292,0.181771,0.197896,0.283002,11.70187,7.249496,6.18338,1.668435,10.66792,1.941377,1.457546,9.983457,3.715456,4.072206,3.946003,2.031627,11.21393,3.858412,4.708625,7.058014,1.894825,3.180853,11.95326,0.132036,1.491854,1.801593,1.563244,0.482625,4.80989,4.161609,4.358429,3.155651,4.419826,4.626213,2.283281,3.311959,2.488995,2.640471,3.703329,8.384889,0.068583,2.234411,2.390404,5.248646,0.033225,5.721794,1.510153,6.509372,2.80206,2.470111,1.437589,1.383162,9.177213,1.691109,4.363136,4.801252,3.917814,5.853337,2.340592,9.957126,2.732011,0.861012,3.070776,6.803524,7.895454,2.467992,0.683295,0.643814,5.538027,0.071157,5.90605,5.119145,5.874839,9.346289,3.197429,7.316572,5.501629,4.677896,5.114357,0.594177,7.072086,4.260835,0.517666,0.554984,2.181193,2.051191
2046,1.931553,1.612088,1.504933,9.526119,3.963057,1.249149,5.601091,1.529592,2.953923,1.010296,3.973034,7.821673,0.497037,6.521768,2.227487,0.543774,0.692241,0.557531,10.08401,6.452594,6.836013,1.078335,12.03611,2.165092,0.961774,10.31416,5.523009,2.635341,3.727056,3.130671,11.38682,4.506081,3.520424,8.029849,1.228403,3.82359,11.26371,1.286128,0.543527,3.174569,0.607964,2.468605,3.985118,1.887735,5.053869,3.852411,6.021535,4.320802,3.105441,2.293527,2.051812,2.631233,3.387095,7.611965,0.305754,3.207179,2.590594,4.860288,0.305491,6.800384,0.115365,6.533983,4.055548,2.815964,1.023326,0.657987,10.6362,2.031732,3.775379,4.856739,3.432672,6.862707,4.07279,9.248445,1.912779,0.683699,2.642937,8.2059,5.892223,3.377497,0.230281,2.097535,4.095888,1.330582,4.073003,4.59722,5.959119,8.459207,1.96116,8.72975,5.484004,4.45958,3.662537,2.775945,8.353533,5.550309,0.028616,1.899752,3.035213,1.942291
2047,0.982986,1.666107,1.050176,8.848503,4.404459,0.168078,5.563471,3.069351,3.538294,0.903582,5.026273,8.203117,1.431675,8.326233,1.888325,1.153974,1.114541,0.970205,8.878996,6.586906,7.347765,1.820061,11.97111,4.041379,1.2077,11.1058,5.900398,2.33066,1.675032,1.905683,12.66923,3.103656,2.768065,7.800178,1.66538,3.621663,12.05987,0.847983,1.806888,3.977282,0.712128,2.780128,3.101607,1.414897,5.96313,4.116363,5.907952,3.984677,4.512982,1.499489,3.371787,2.078628,3.697073,7.391968,1.19441,3.774867,2.81347,5.222481,0.679607,6.385197,0.76707,7.596741,3.986582,1.661647,0.67157,0.513207,10.93344,1.164107,2.778695,5.823458,3.970879,9.008729,3.973749,10.72842,1.575034,2.035795,2.217003,6.757234,3.867399,5.359244,1.333989,2.2692,4.628607,1.533138,4.159595,3.870114,6.171583,9.005976,2.52558,8.299268,3.389867,5.85681,1.744959,3.228919,9.341857,5.432431,0.376766,1.059641,3.50781,2.361533
2048,1.942819,2.615662,1.576919,9.065187,3.986,0.186313,4.439179,3.184505,2.543447,0.71321,6.158399,8.066293,2.406398,6.759284,2.10621,0.394192,0.61364,0.973918,8.610935,7.245312,6.539875,1.958036,12.41877,5.284197,2.226076,10.87081,7.262994,2.02407,0.323608,2.489307,11.46462,4.078499,1.773957,9.214012,1.020027,4.971846,11.9521,1.045961,1.983501,4.186963,0.234562,4.370623,3.253111,1.560283,6.019516,5.825757,6.252698,3.890772,4.650162,1.795211,3.258475,2.069445,3.269535,5.696222,0.019161,4.652312,2.684223,3.286601,1.137251,6.988144,0.042096,8.857394,4.892721,3.190365,0.127257,0.134098,10.62112,0.753067,1.585076,5.02671,5.194197,8.073171,2.148109,11.61305,1.385472,1.98482,2.924175,7.444603,4.607312,4.011874,1.197643,3.360662,4.798644,2.19887,3.554978,2.627838,6.054014,8.742291,2.155902,8.306824,3.751899,7.098198,2.250842,2.428269,10.09236,6.213591,0.865378,1.112953,4.936925,3.282384
2049,1.28869,1.813918,2.256136,8.410677,4.048393,0.967935,4.829838,2.985292,1.067722,0.572829,6.97281,8.42471,1.560833,6.409695,1.071143,0.538427,1.814832,0.03724,9.374327,8.150794,7.691969,1.993604,11.66499,5.228795,2.996581,10.64183,6.406109,1.092445,1.135152,3.155667,9.541823,3.992852,2.02516,8.462405,0.54647,6.633743,9.6074,2.101694,1.328838,4.654115,0.422553,3.992028,3.151372,1.974696,3.829505,6.260978,6.508124,3.588966,5.710746,2.624657,4.077102,0.347283,2.984012,7.391355,2.471068,6.051097,3.065114,3.883552,0.368674,6.92019,0.12843,8.150174,4.608006,4.107166,0.703713,1.261841,11.58804,0.228894,2.578818,5.204464,4.474517,7.762969,3.474476,12.96065,2.086875,1.904239,3.242774,6.655922,4.462773,4.330817,2.740057,2.558554,3.114383,2.925391,2.994079,0.853325,5.919041,10.53048,2.630898,9.340133,1.934392,7.517651,1.619113,2.346564,10.13797,6.977356,1.967059,1.305655,4.919669,4.484573
2050,0.878331,1.000998,3.253333,8.562195,4.614169,0.227105,6.266832,3.106996,0.864786,1.675263,6.260989,8.037319,0.581458,5.941007,2.181337,2.673804,2.097332,0.373957,8.82274,8.125778,9.006807,1.175809,11.44192,3.889577,1.660436,11.68549,6.742445,1.632545,1.52251,2.267726,9.656753,4.642323,1.569203,6.621209,0.047727,6.008678,10.34355,2.0515,2.32796,6.775427,1.039912,5.56591,3.288225,1.644743,3.090507,4.980323,5.443556,2.599148,4.427455,2.24242,2.587061,0.84086,2.421711,8.360028,4.332644,7.152014,2.166793,3.041296,0.339783,5.937077,0.517504,9.710914,6.04152,5.555813,1.783435,2.232171,11.78559,0.63174,2.192177,5.848405,5.586624,7.933603,3.421676,11.23148,3.221416,1.590219,4.30693,5.607655,5.952417,4.579654,1.158173,2.02881,4.335339,3.204897,2.201078,2.482076,8.049976,10.76203,1.932333,10.54917,1.184712,7.682178,1.493538,2.444168,10.68751,8.139769,2.197221,2.409067,5.075241,3.934799
2051,2.068848,0.690194,5.675522,7.685285,5.064362,0.28968,5.311959,1.410228,1.684618,0.07215,6.674348,8.914165,1.239681,3.512153,3.832183,0.796459,2.854858,0.338288,9.948716,6.552602,7.832989,3.310818,12.65632,5.073819,2.2305,11.93917,7.288954,0.044586,3.315958,0.886383,9.537217,5.22782,1.124774,6.798643,0.810172,6.438561,9.965224,2.050964,2.850817,5.760435,2.478136,7.096658,3.195134,1.376007,3.543664,5.40714,4.957086,2.028502,3.141358,0.839494,2.106724,1.520485,1.871931,8.932958,2.754868,5.467236,3.438074,5.039797,0.589966,6.474866,3.242506,8.968028,5.129829,5.379261,3.964317,2.489544,11.65713,0.606202,0.758828,5.688197,5.391206,7.881138,3.370255,11.71831,3.530282,3.648107,4.910111,6.665142,5.061865,5.082131,1.757107,0.10187,3.643766,2.726046,2.752605,3.493955,6.775338,8.05962,2.344158,10.39804,1.975108,8.602072,1.746077,2.788671,11.25235,7.798865,1.380231,0.15579,4.117722,2.020975
2052,1.868043,0.886261,6.856934,7.835451,5.427446,1.798601,5.223701,2.351934,2.750634,1.034253,5.315257,9.949039,3.064812,4.715617,3.803572,2.714599,1.885507,0.752134,10.04451,7.303154,8.068905,1.102081,11.47494,4.64832,0.120637,11.58787,8.775841,0.49612,2.254842,1.291988,10.28947,3.127133,0.674429,6.210471,1.519111,7.795158,9.370765,2.346899,2.63569,2.795246,2.999398,8.039648,3.08692,1.967308,4.070531,4.728331,4.26864,2.552474,5.229352,0.127749,0.981746,1.022079,1.695364,7.802896,2.082575,4.8168,2.207715,3.348475,0.695229,5.998642,3.064433,10.28174,6.207073,7.179909,3.540919,1.240076,11.80767,0.318692,0.843909,7.18496,6.92665,7.505716,3.813906,11.27685,3.565706,3.869746,3.73612,7.263788,4.812493,3.562151,1.143444,0.87543,2.781745,1.389875,3.103788,3.11397,5.850452,8.795458,2.037987,9.29771,3.549701,7.395244,3.65002,1.472442,10.19971,7.95073,1.091145,1.174234,3.678379,3.235687
2053,2.276112,0.261206,7.506922,8.040591,6.193778,1.214313,4.084119,3.222394,2.083682,1.853744,6.130875,9.60646,3.031879,4.388546,2.786216,1.451101,1.86733,0.778175,10.13911,5.344634,9.935629,0.349275,11.13285,5.895271,0.191639,10.46465,9.469791,0.556085,3.541459,1.029445,11.63224,0.55079,0.688639,6.224791,1.360295,7.567121,9.037595,1.550283,2.217389,2.861954,2.680673,8.092837,4.043648,1.828924,4.760762,3.857983,4.286046,2.927756,6.543274,1.418398,2.112866,1.341363,2.505075,9.551452,3.145403,4.597515,1.409364,2.519886,0.800958,5.351843,4.569,11.37939,5.871915,8.512887,3.2288,0.130838,10.88273,0.808175,1.638793,6.923031,6.670924,7.667091,4.444715,11.55803,6.085207,3.230254,3.626829,7.319613,3.7839,4.415342,1.900146,1.42446,4.302767,0.82063,4.839712,2.334035,7.380954,8.522314,0.844333,9.008222,3.893376,8.782396,3.559656,2.592531,11.17571,9.688126,2.189812,2.626669,3.706236,3.898689
2054,3.328557,0.088601,7.390931,6.765588,4.996688,0.390595,3.22104,5.201541,2.685281,1.13413,5.864283,10.08708,2.945829,4.655789,3.413693,1.254146,1.442759,2.466658,9.604042,3.762693,11.03149,1.522534,13.23313,4.357404,2.460385,10.78351,11.57138,0.402283,2.985373,1.470584,12.92272,0.307276,1.145862,6.488784,2.375202,7.081545,7.499906,1.909088,2.031854,5.683302,2.755706,8.520357,1.847288,0.280709,3.977915,2.776676,4.315737,4.12758,5.928148,0.150083,1.048656,2.808097,3.630948,10.77057,3.459162,4.130884,0.193294,1.269765,0.179907,5.494142,3.473423,12.39857,5.822202,7.498676,4.643141,0.022201,9.927726,1.102289,0.660704,7.472681,7.616516,8.375814,2.845729,11.07814,5.132404,3.975445,3.899143,7.55394,3.975504,5.601556,3.409821,0.62722,4.062505,0.946048,3.884704,3.569736,6.851962,7.54483,2.299214,9.514868,4.962929,8.1934,3.323905,5.631474,10.10937,11.23247,2.756092,2.925676,5.014938,3.389146
2055,4.663616,1.533003,7.396173,6.593964,5.349817,0.598238,1.869051,4.631223,3.74582,1.52616,5.880257,10.66192,2.874406,4.952153,2.587644,0.024708,1.823729,2.849949,12.01822,4.627544,11.51133,2.375631,11.01349,7.139785,4.433754,11.13537,9.920314,0.429034,2.57748,0.922966,11.26182,0.071476,0.191021,7.313128,3.36639,7.887803,6.884781,1.762462,1.645631,7.56511,4.668596,9.033218,1.10505,0.942506,4.132095,2.314467,3.200386,4.322964,8.536739,0.51218,2.219329,2.385433,3.922866,10.3728,5.068397,4.341685,0.295531,1.164168,0.010179,7.46006,4.288299,12.07548,6.726072,8.654163,4.500341,0.848216,10.35112,0.299625,0.149549,6.096202,6.579123,8.387827,2.815151,10.0777,3.505899,4.569981,4.807856,6.428034,5.015736,4.730613,3.421386,1.792905,3.836902,0.496097,3.630888,2.895966,6.414795,6.233827,2.106545,10.10508,6.439451,9.084159,2.958755,6.433709,10.2157,9.206103,3.773511,2.887061,3.689563,4.806906
2056,3.602015,1.459112,9.07981,6.871168,3.746918,1.876554,2.77575,5.179242,3.122485,1.572017,3.308889,10.97176,3.377978,3.49921,0.900653,2.27606,2.619557,1.656356,11.98543,5.392689,10.63819,4.322163,12.34846,7.549222,4.452173,9.940498,9.865974,0.214916,3.367856,0.049133,8.759354,0.829972,1.997156,5.447431,3.866307,6.076867,5.976748,0.012431,3.371729,6.806902,3.823603,8.337388,0.167253,2.627854,5.036225,1.294296,2.535793,5.95569,8.244126,1.910426,1.741821,1.834663,5.005835,9.676316,3.891328,5.37294,2.806541,1.996606,0.413411,8.25369,2.999076,10.77122,7.129219,8.954505,4.702212,0.976795,10.21476,1.989274,0.881901,5.679771,4.773069,6.934419,2.035977,7.887056,2.686817,5.897468,4.221696,8.262175,7.200069,3.880164,4.624758,2.828531,4.400484,0.062359,4.255653,4.434585,5.866139,5.766294,2.03391,11.30934,6.228819,9.657297,1.337313,6.87113,10.10598,8.479862,2.065904,2.03104,4.444158,3.740476
2057,4.337284,1.44902,8.039994,6.455555,3.714255,1.990045,2.767403,5.929269,1.431429,2.141957,2.922059,12.10108,3.050938,4.012475,1.562599,2.854523,3.942422,3.288818,11.73068,6.643941,10.76718,3.629003,11.72123,6.714514,4.53574,10.93819,11.81148,0.166361,2.545452,2.022266,8.823865,1.528878,3.048014,6.091399,1.982482,5.628843,5.662471,0.620974,1.197797,5.525897,2.538692,8.450217,0.522954,4.01572,3.112484,0.905077,2.278686,4.841639,7.233778,0.632146,1.636963,1.995444,5.7929,8.763898,3.322647,5.0125,4.227864,1.256318,1.061335,8.564784,1.431115,11.68701,7.238688,7.827512,5.496719,1.15856,9.798617,3.566575,0.479223,6.819206,3.635063,7.11289,0.804487,7.983636,2.71378,4.035904,4.82467,8.567798,5.27376,4.823147,4.348203,2.302205,5.378942,0.374277,5.778501,5.158361,5.587006,4.856532,1.017491,13.19617,5.520605,11.61876,2.023789,6.589015,11.87769,10.27036,4.180229,1.267355,4.243446,4.266713
2058,6.003955,1.572714,7.34144,6.633466,2.257109,1.282496,1.928003,5.443571,0.480668,3.077162,3.169209,11.91914,1.868124,3.188958,1.92882,2.468145,4.219167,2.224867,10.55339,6.632316,10.48404,3.869656,10.56057,5.556175,5.690327,11.2347,11.85926,0.93552,3.494134,2.165641,9.366368,0.7204,2.730188,6.740321,1.663853,4.308961,6.341123,2.475574,1.939241,7.452241,2.742094,7.99851,0.890248,3.843936,4.622428,0.676344,1.312571,7.879875,6.584483,0.788858,2.233114,0.597508,4.252505,10.10819,2.756059,5.850238,4.081674,0.511871,1.143698,9.925337,1.186275,11.77987,6.786612,5.666982,5.615029,1.562091,9.55477,4.313027,0.396285,6.990197,4.241544,6.002094,0.601838,9.995167,4.235955,4.638398,3.963763,11.00498,6.095579,3.927469,4.522897,2.801238,5.59436,0.733324,3.966204,6.362781,6.583226,5.603536,0.722322,12.87161,5.914474,11.51214,1.258687,6.291542,12.17197,10.44884,5.351538,0.915667,3.990278,4.249783
2059,6.057328,1.349113,7.126025,5.678807,2.199173,1.618131,3.670137,4.345415,0.062871,1.961306,4.940693,11.10195,0.670492,3.362473,2.139964,2.287388,6.810126,1.839088,10.47776,6.047644,9.089655,5.566184,11.58952,5.279013,5.035628,11.71923,12.80032,1.621368,3.996541,2.232368,9.723215,1.048211,2.076184,7.898918,3.112324,5.063616,5.873412,3.004561,0.853009,6.26863,2.382246,6.403087,0.679098,4.656381,2.724981,0.996575,0.639658,8.881634,7.805059,3.070417,0.918746,1.085008,5.168668,12.06328,3.008349,4.438826,5.476848,1.039371,1.703318,8.912826,2.173346,11.99956,6.058848,5.989889,6.041108,1.303243,11.3552,3.218617,0.243809,8.350576,2.960225,6.57317,0.266825,10.15372,4.951327,4.551091,3.247189,8.915591,4.688549,4.020513,3.199665,3.056351,5.779937,1.899571,5.137045,7.814841,8.031911,6.038547,1.521755,13.09999,4.513522,12.03824,1.523373,7.690625,11.86242,11.12429,5.494057,0.503241,5.064315,4.333259
2060,6.37299,0.516063,8.832808,5.448974,2.342407,2.896469,3.719609,2.642319,0.385451,1.066671,7.07455,11.12698,0.566698,3.534843,1.026551,2.350703,7.711713,1.695422,11.6202,7.840416,9.560723,6.727604,11.61161,5.693511,4.835093,12.1972,11.35974,2.328471,3.692673,1.501,9.938828,0.532687,1.399254,7.46801,4.682066,6.678477,5.52184,4.086273,0.232192,7.786171,1.916095,7.560805,3.135002,4.837955,2.1545,2.210395,1.472052,9.408542,7.150528,0.853528,1.637229,1.32466,7.530203,11.94938,3.342088,6.02571,5.584923,2.434754,1.410608,8.066666,1.825602,11.65563,6.385607,6.165831,5.447426,0.689405,11.3062,1.951183,1.59307,8.72711,2.149516,7.83042,0.942214,10.66951,6.032985,5.471319,2.971115,9.363711,5.987159,2.755322,2.836309,3.909199,5.58492,2.23387,5.630002,7.460718,8.174806,6.23138,2.137001,14.04916,4.269514,11.96941,0.785459,7.261196,10.85616,11.95231,4.960149,0.342569,5.136086,4.37778
2061,6.270255,0.026746,7.732397,4.778162,3.387391,3.364403,2.467908,3.241864,2.091459,2.825469,5.333554,12.02624,0.469288,3.893935,0.001365,4.624864,6.708648,1.912059,10.87293,8.899138,9.016644,7.759362,12.47999,7.075748,3.214319,11.84224,10.51588,2.112372,3.453937,0.093986,9.875667,0.37317,0.442214,7.009383,3.917072,7.530612,5.011854,3.356688,0.315534,8.835649,2.3818,9.274685,3.510849,5.751317,3.502499,3.227849,1.685641,8.861999,8.271281,1.281724,1.834945,1.592202,7.553369,11.07349,3.703889,5.186841,5.956809,0.753484,0.263741,7.255714,0.138104,10.61285,6.630551,6.322082,5.704365,2.042154,10.50195,0.588361,1.734296,9.013465,2.08632,7.556715,0.03593,10.86243,5.879561,4.770708,2.676841,10.35034,4.136014,3.442935,2.275269,2.884203,6.569508,1.740677,5.881499,6.958088,7.742988,5.460638,2.612632,13.43967,3.536427,11.77852,0.845954,5.192358,10.63397,13.43931,6.806528,0.193324,5.29973,4.290315
2062,5.097605,1.11778,7.689718,4.169375,1.383362,2.909109,2.464239,2.221033,2.482887,2.773078,4.061822,11.97901,0.630556,3.519275,1.409053,6.365762,6.823102,1.496788,10.13208,9.408155,9.069707,7.153865,11.61601,8.267923,2.798728,11.70521,10.91255,3.489427,4.769717,0.757018,7.935436,0.50623,0.951476,8.112983,4.515922,7.248543,4.686718,2.2943,0.754404,8.240826,1.32884,11.06713,3.990017,3.891045,3.847028,5.587134,1.476904,9.491498,8.685168,0.581624,1.255435,2.312011,8.358856,10.46747,2.920442,6.37469,5.782774,0.968072,1.169585,9.114268,2.038422,10.14036,6.993608,5.024251,6.824305,1.188728,9.918192,1.091965,0.947211,9.80736,2.098267,6.822235,0.493599,10.98502,5.162316,4.537564,4.141829,11.69319,4.421788,2.24572,2.833805,2.830337,5.950995,2.492622,5.700331,6.288519,9.74849,6.186309,2.640587,13.61186,3.01551,14.45088,2.934591,7.009681,9.931461,10.84855,5.868125,2.108648,3.877916,5.319581
2063,5.382757,0.412684,7.726962,4.850414,2.217745,3.586142,2.441269,1.813524,0.900086,2.723277,5.099427,11.79576,1.706263,4.747304,1.766885,5.310974,7.869499,1.394094,9.743681,9.946512,8.398562,4.385919,10.98617,10.88425,3.672597,12.39683,9.319936,4.526789,4.766319,0.926686,7.899785,0.964639,1.54534,9.753943,4.577745,7.273869,4.708469,3.115332,1.784612,6.593191,2.013662,9.670526,2.436505,3.054212,1.390604,5.826219,2.798262,10.7108,7.275946,0.61617,2.058444,2.434127,8.916202,10.38305,1.69655,6.381101,7.180616,1.666747,1.046602,9.96295,1.201741,9.924193,8.040789,5.603179,6.401923,1.169542,8.552207,0.257639,0.671499,10.22903,2.12245,6.228217,1.400999,11.01057,3.049266,2.349011,5.381999,11.97499,5.639678,3.178633,2.12856,2.691567,6.452092,1.524597,4.414101,6.380246,10.95177,4.617289,3.554,12.83521,4.602206,10.03929,2.570413,7.90502,9.853965,11.40823,7.101212,1.389335,3.224815,3.9409
2064,5.641282,1.475651,7.878529,5.566498,2.36062,3.69211,3.228419,0.168521,1.358533,3.83213,6.242014,12.1775,2.756283,3.349875,1.755348,5.932016,7.543009,1.60684,9.120741,8.669115,7.869755,3.640594,11.37748,11.40398,3.310165,11.68254,8.448346,4.492711,4.451073,2.276596,7.063973,1.558622,1.038219,10.56674,3.84667,6.225228,4.535851,3.111061,1.360046,5.668138,3.075573,9.233711,1.748114,1.267942,3.034306,5.046457,3.258741,10.53243,6.506977,0.400396,2.470679,2.050111,7.701128,10.59922,1.571405,5.867408,7.447792,2.659291,0.048453,9.403436,0.435249,10.05493,5.679017,4.636661,6.696877,0.416479,9.006054,1.06415,1.801629,8.579033,2.893371,5.827245,3.254169,10.57491,3.61947,0.572676,4.994525,13.12564,4.339855,1.10102,1.954908,2.559111,5.583089,2.382514,3.860372,6.234817,11.68425,4.304909,3.866465,10.22286,5.115301,10.1156,1.45275,7.470526,9.434897,10.47546,7.081889,0.222137,3.126853,4.046117
2065,5.607537,3.067078,8.532739,6.121284,1.340731,2.324699,3.990897,1.004219,2.449549,1.576089,5.931003,11.858,3.385888,1.833508,1.130853,4.41062,7.963821,0.630434,9.096385,7.239621,8.674265,3.025731,10.80359,11.28254,4.254707,10.96682,8.773879,4.24684,3.153894,2.167575,8.226746,1.799778,1.363208,10.90149,3.131133,8.100267,4.156893,2.453476,0.185564,6.371625,3.305977,8.04397,2.599805,2.653382,1.861202,4.813854,4.46419,9.292933,4.961006,0.37738,2.215334,3.697922,8.057227,10.22512,0.419033,7.067645,8.040159,1.533734,0.221315,10.27563,0.468458,10.46433,6.182609,3.102235,5.581938,0.594802,10.18312,2.584312,2.231637,8.558374,2.583441,5.643314,3.214569,10.42211,5.310818,0.422423,4.248282,11.09949,5.644524,0.169875,1.244727,2.135872,6.578446,2.942683,3.903695,5.189372,11.40887,4.037308,2.565841,11.15215,3.896912,8.237802,0.672423,8.64733,9.469246,11.94669,5.148204,1.021413,4.688738,3.2897
2066,7.051028,1.641422,10.77906,4.727844,0.646362,1.542593,3.898013,1.807062,2.400534,0.401406,8.40031,11.09243,3.204675,1.234271,1.252114,4.213778,7.912608,1.234751,6.986935,6.853547,11.61283,2.240835,9.9978,10.12127,4.534081,11.55145,9.866214,5.402287,3.790912,2.639857,8.116276,2.098429,0.369697,12.56299,3.92271,8.784371,3.792419,1.778632,0.910716,6.434806,4.456982,8.987381,1.984145,1.735874,0.73365,5.579384,5.201201,9.142681,6.491343,2.056712,3.381975,3.95971,9.193476,10.31476,1.463667,6.01376,8.569729,0.082283,1.551893,10.85641,0.207632,10.95176,8.159803,3.578671,6.513227,0.358152,11.00879,3.426814,4.114485,7.985659,4.339631,6.044218,4.341873,10.69847,3.880748,0.972231,5.37512,11.35529,6.578919,0.009833,1.506148,2.570597,6.317977,2.645888,2.981101,5.886935,11.06674,4.201121,2.070585,9.446217,3.139332,7.226298,0.439333,8.165773,11.30693,11.06488,6.271502,2.26857,5.486885,3.255279
2067,7.073855,0.131415,10.29071,5.328243,1.466257,3.64318,2.272039,2.576018,2.360009,0.637058,8.851764,11.1612,3.946269,1.702706,1.603288,3.488098,7.887879,1.548259,8.72588,5.423413,10.51184,2.640939,10.19451,9.431626,5.117118,11.96062,9.111149,4.293881,3.933897,2.366347,8.297788,0.026136,0.662868,11.54961,4.136993,7.585292,5.713932,2.540028,0.996457,7.778778,4.297544,7.110881,1.745783,1.949668,0.667152,5.437957,9.826455,8.051581,7.38259,0.713627,2.708462,4.278495,10.06489,10.04845,1.021064,4.650432,10.62278,0.741192,1.994793,10.26754,0.841091,10.36638,8.89572,3.880313,6.541201,1.184693,10.43586,3.453992,2.407063,8.06677,3.417304,4.647223,4.304156,11.12102,2.461271,0.939127,6.410301,10.79335,5.959297,0.073435,1.698256,3.334571,7.162266,2.762743,1.71049,5.033314,10.51924,5.389619,1.29422,7.780742,3.763392,7.182132,0.50493,8.448575,11.73241,10.98576,7.497501,3.431451,5.52138,2.935955
2068,5.76116,0.635496,9.758883,5.059172,0.053055,2.087549,1.155089,2.856359,2.801721,1.85873,9.181826,11.97422,3.334625,2.409671,2.077512,3.548185,6.792006,0.358669,9.152416,4.94474,8.800743,3.398432,11.34458,10.02844,5.69794,11.39671,9.526499,2.279365,3.418921,1.575809,7.580297,1.15993,2.290513,11.54349,5.354587,8.899632,6.937789,2.887576,0.220429,6.40902,6.380896,7.115288,0.80149,2.207484,0.424341,4.080317,10.2945,8.745653,5.07187,0.270634,3.104841,4.907865,9.784704,8.776164,1.396072,6.13199,9.998753,0.84699,2.551348,9.765018,0.889747,10.68249,9.246132,3.925304,7.717566,1.498535,9.518329,1.967933,1.349197,9.165674,1.94291,5.546928,4.579578,11.44704,3.481314,1.011301,8.008232,11.44181,6.816289,0.546687,3.02208,2.688159,7.8939,2.513325,0.617414,3.905143,8.170036,5.811569,0.482976,7.255749,3.474982,6.9715,0.090883,7.858186,11.98575,11.70867,8.379406,4.083095,3.981733,1.621224
2069,6.287807,1.009843,10.02112,4.822925,1.779172,1.831199,1.556966,2.286232,6.399454,1.467213,7.840238,10.66331,4.681914,4.41509,0.501532,3.388306,6.212971,0.098693,9.36038,4.570848,7.897194,3.345403,11.94202,10.20594,5.449384,9.767217,9.5516,2.697213,3.750358,1.648407,6.856249,2.263354,0.862678,12.00158,4.648191,9.124517,7.43593,2.841984,0.074482,7.478645,6.304493,7.39617,0.397724,2.744532,0.284697,3.204824,9.481082,8.972942,5.444287,1.413178,3.087441,4.602383,9.994286,8.724501,0.449521,4.763263,11.61119,1.133123,3.073697,9.359768,0.369002,10.50819,7.982374,5.626876,6.867177,2.04005,10.32863,2.232495,1.729063,7.403948,0.883116,5.349053,4.740478,11.52942,3.359098,1.553046,8.269125,12.00906,6.723266,0.198024,1.40772,2.80634,7.787556,4.443862,1.779042,3.879231,6.686064,5.987713,0.410782,8.39696,3.241273,6.812804,0.241777,8.2336,12.85419,10.47128,6.331134,5.01675,3.559064,3.169352
2070,5.351419,3.189521,9.724383,5.657061,1.803654,0.458862,0.390267,0.940874,6.39148,1.571412,8.077837,11.56083,5.628492,6.184548,0.72719,3.184934,6.709914,1.15128,8.389538,3.907291,8.034523,4.874237,11.38563,9.398125,5.026387,11.10343,9.726882,3.886383,4.370021,3.015771,7.043271,4.802406,0.522832,11.99874,4.916867,8.529361,8.452662,1.925815,0.37957,7.845541,5.867204,7.626177,0.463634,2.444913,0.561224,3.097083,8.08914,9.717107,6.47085,1.610891,2.755004,5.216587,7.906189,8.561924,0.695386,6.457297,14.07167,2.567501,1.760381,8.196996,1.12301,9.129765,8.488287,4.522318,9.149866,3.156375,11.80962,2.502442,2.490698,8.713407,0.149919,5.05554,6.185335,11.2572,3.373022,0.326424,8.234438,11.99275,6.586467,0.562204,1.604468,1.42347,6.760027,4.952724,3.393396,3.814478,6.018186,5.379151,0.581639,7.75999,3.036744,4.365136,0.934657,6.549588,11.31664,11.15014,6.155178,4.536479,2.697835,2.119521
2071,3.464217,2.99763,11.07778,5.423197,0.963612,0.008739,0.758453,0.786432,4.550783,1.253952,7.720496,10.84961,4.433932,6.029977,0.13889,2.505568,6.814993,0.350848,7.565886,3.245714,5.174107,5.387651,13.24418,11.78421,4.935777,9.987094,9.781959,4.129474,3.518913,1.613876,6.706655,6.444965,0.107875,9.100182,4.331531,8.544797,8.50371,3.313196,2.061128,9.54758,6.76369,8.116548,0.173958,3.357285,0.008922,3.235055,8.125499,10.79385,7.825414,1.399209,4.105081,4.543145,9.344184,7.981322,0.559756,7.438506,10.34267,3.101491,3.2095,8.080422,0.770862,9.162829,6.321546,4.051945,9.12904,3.89421,12.2225,3.638862,3.013405,8.774305,0.260899,3.981288,6.103087,10.66547,3.957958,0.620747,8.896976,11.59009,5.240351,0.232494,1.480325,2.114256,7.488508,6.866105,3.261909,3.105285,6.282826,3.669709,0.39143,9.132556,4.651253,4.896974,1.177732,7.505892,10.46688,10.62789,6.362946,5.331721,3.35056,3.871672
2072,4.006619,2.879376,10.27616,5.699586,0.970165,0.566842,1.028056,0.251325,6.027866,2.842387,5.828465,10.12352,4.994234,5.292221,0.179342,2.315071,6.927582,0.019532,6.369956,2.318899,5.270198,6.830011,11.00465,14.43838,4.668745,9.898079,10.78285,6.360366,3.055409,2.956604,7.521904,7.092071,0.44348,8.454017,4.996092,9.287365,8.777753,4.903404,1.748723,9.305432,6.815386,6.825501,0.433001,4.206778,0.676917,1.944013,8.118698,13.57872,8.194881,1.451969,4.579668,4.173356,9.825426,6.739535,0.607299,7.595636,9.990231,1.945778,1.908655,6.699192,0.624716,7.939486,5.620733,4.57376,5.818089,4.288988,11.822,2.859599,3.910622,9.55121,0.371413,4.874436,5.70574,10.19695,4.47108,0.646195,8.583626,11.29254,5.239276,0.30502,0.080367,1.869436,6.780282,5.83847,4.82416,3.084459,7.210167,4.946609,0.341246,8.913904,3.591901,5.96808,1.387348,7.921825,10.71953,10.69214,7.052332,3.635642,3.592866,4.318984
2073,3.208689,4.574151,10.51599,4.869287,1.193282,0.057622,1.24164,0.228952,5.583104,3.532442,4.622018,11.25865,5.748122,6.120443,0.609051,0.213941,6.142776,0.275021,3.804848,3.44619,4.944022,7.544607,10.97792,10.04929,5.64146,9.426259,11.67624,8.11964,3.14494,3.798332,7.02012,5.970907,0.176801,8.385651,5.921815,7.872993,8.926311,5.825643,1.380012,9.17118,6.046851,8.247599,0.653559,4.637158,0.948913,0.760914,7.42564,10.73703,9.802384,2.248805,5.418258,5.516495,10.33884,5.879187,1.355088,6.417544,10.08801,2.236376,0.666093,7.030806,0.131892,6.433313,5.047747,5.762502,6.034991,4.091248,11.29189,3.085374,3.99782,8.711431,0.965833,4.906393,7.578364,10.33401,4.509374,2.229238,7.885422,12.03713,4.998967,0.331576,0.148993,2.783082,9.38963,6.515023,3.923675,2.657538,6.856285,5.24549,0.943874,9.440611,2.374681,6.092757,3.0383,6.720412,11.57102,11.30595,5.939973,3.190619,3.755494,4.590903
2074,1.597676,4.806918,10.903,3.866006,1.079279,2.64081,1.638541,1.304315,4.61317,3.759385,5.427058,11.2672,4.83927,4.522922,2.689091,1.027509,5.301891,2.039629,4.458084,2.070392,4.361285,7.906209,10.43798,10.79965,5.604967,10.46126,11.32185,7.047506,2.827111,2.087998,8.142545,6.847293,0.581002,8.522878,6.009936,8.629994,10.84521,6.500323,1.323729,10.07478,4.738158,9.86624,2.504045,5.732257,0.217905,0.844747,8.046198,10.64867,10.88263,1.114244,7.063651,5.046364,10.86175,6.944691,0.893227,5.948577,9.508041,1.082755,0.488374,6.404016,0.159204,5.829017,4.40927,5.404749,6.297947,3.176284,12.45298,3.01235,4.161483,8.27074,1.207423,3.579991,6.6151,10.68689,4.287852,0.737335,7.199171,11.9703,4.942397,0.547518,0.814186,2.763817,9.873315,6.952442,4.317244,3.390798,5.51794,6.599101,1.237341,9.260944,1.460707,5.613095,4.23839,5.380016,12.10151,8.942755,3.862252,1.463278,3.424852,3.379372
2075,2.251733,5.630334,10.49644,3.138909,2.78144,2.329655,1.796886,1.854569,3.006455,3.546229,5.239322,10.08073,3.491786,2.961759,2.645181,0.911828,4.383589,3.64468,5.400451,1.696879,3.084735,4.997785,10.5481,11.16796,7.294547,11.67643,10.34237,9.301038,4.368449,3.379713,7.412671,7.573561,1.38176,8.327645,5.02712,8.10105,10.32663,6.776179,0.028906,10.19505,3.185804,8.966924,3.100958,6.251155,0.706848,1.48853,7.471524,10.22288,10.75618,1.114461,7.779828,3.815427,10.73983,6.131107,0.883916,3.555867,8.428273,1.260337,0.443137,5.443603,0.572292,4.870018,3.810649,3.831712,6.336628,3.18015,11.63762,2.650118,5.106336,7.675215,0.506584,3.195269,5.807209,10.63538,5.346715,2.271291,8.083232,13.73594,4.87959,0.345521,1.089171,3.096556,10.01838,7.840065,3.145313,3.448456,5.688901,6.371484,0.634691,10.34856,0.073088,5.691605,5.342639,4.005251,11.9188,8.583099,4.115799,0.532965,2.460184,3.734103
2076,2.578713,5.535983,9.537389,4.618532,3.505606,1.817,1.457777,2.272144,2.755566,2.299249,5.047926,10.01256,2.794499,3.066417,2.893844,0.672333,2.641315,3.657741,6.037079,2.300689,3.374402,3.018398,10.32883,10.34132,7.212548,11.20484,11.68466,9.008195,3.458243,4.380179,6.445374,7.532769,2.242214,6.335037,3.198998,9.143323,10.91364,7.425695,3.427766,9.261309,2.475252,9.870703,3.495667,6.684726,0.786199,1.895922,7.457853,10.89622,11.02509,1.261717,8.595251,4.132163,11.28502,6.145943,1.035636,4.594612,8.598699,0.471431,0.096478,4.188338,0.870381,5.47823,4.986945,4.53235,6.663855,3.819037,10.99797,1.733675,5.327766,7.508435,0.108669,5.070151,5.831746,11.26674,4.963735,1.755453,7.937397,10.61125,3.434867,0.042413,1.087888,3.758836,10.44873,6.516136,2.38012,2.760546,4.652031,6.833988,0.952132,10.21634,0.090686,5.233748,4.430667,3.618956,11.17725,9.227177,4.345633,1.20323,2.510795,6.119238
2077,3.213715,6.328809,9.082362,5.57701,3.66858,1.018929,1.62777,5.025145,3.094062,2.893598,4.916317,9.610744,0.257614,2.65091,0.796491,0.963386,3.975246,6.19647,6.352749,3.738353,4.294957,4.278274,9.720557,11.27434,6.065321,10.13033,11.95604,8.338677,3.666359,3.657232,5.20369,8.102406,1.115789,7.274,2.696056,9.597746,10.13126,7.295766,2.548739,7.715619,1.977064,10.24241,3.034223,6.230715,0.547755,0.682231,6.40057,10.48477,9.439111,1.34779,9.103669,4.073169,11.28058,5.904581,1.305243,5.313149,8.734415,1.077563,0.456582,3.205662,2.373215,6.850156,4.661685,4.245399,5.49909,5.563092,10.14299,0.868211,7.012041,6.581585,0.234233,3.808132,5.028405,10.95784,6.55007,2.206635,8.971729,9.113133,2.494731,0.876001,0.755053,3.888469,10.85036,6.025403,1.909937,2.190609,4.970348,7.084681,0.515178,9.828994,0.659487,6.097436,5.869681,3.687936,10.69921,9.299392,4.895731,1.801245,3.661511,5.068868
2078,3.20462,7.252494,9.11896,5.854691,3.7632,0.13513,1.600419,4.536498,3.38252,3.009954,7.224293,10.54146,1.174695,3.78573,2.49323,0.296266,5.435783,7.86484,5.202683,4.029137,4.386976,5.725132,9.418163,11.68767,5.494165,12.06049,13.13388,9.239693,2.536027,3.560766,5.08693,7.478427,2.649949,6.758541,3.133555,9.52266,10.31008,5.148463,2.132137,7.806098,1.483097,10.46551,2.281152,5.990286,0.86253,0.318381,6.532167,10.9206,10.66435,2.398008,9.71662,2.136462,11.97217,6.145078,1.540452,7.297773,8.465402,3.66445,0.074262,0.519568,1.508712,7.209966,4.871566,3.776711,7.30035,5.308333,8.868298,2.332834,6.753543,5.923406,0.985271,4.896645,5.715834,11.77944,6.521667,3.148179,8.511513,8.566982,3.187286,0.773648,0.229493,2.810037,11.48052,4.88092,1.904505,1.894069,4.284604,9.147691,0.612868,10.31586,0.633983,6.628156,5.789808,2.880761,10.37026,9.121189,4.601961,2.688613,3.177145,6.568392
2079,3.9305,6.270362,8.54387,5.616737,4.83023,1.412857,2.676978,5.142315,3.08402,2.646427,8.105698,9.478548,2.20221,3.209214,1.937121,0.250247,6.059849,7.897002,4.629933,3.789035,5.422227,6.070029,10.07751,11.23357,5.959973,11.95161,11.0929,9.093371,1.974151,4.455799,5.467279,7.824994,2.495223,7.439646,3.798895,9.286096,8.781102,5.925303,2.325468,6.544771,2.298302,10.87809,2.17682,7.489507,1.078792,0.106478,4.945753,11.62858,10.91379,3.246226,8.762721,2.246738,13.68452,5.937643,3.00569,6.556959,7.664412,3.707227,1.175989,0.953566,0.029288,7.330289,4.633704,2.600069,5.613106,4.907481,8.728962,2.748165,5.760191,5.727436,0.042448,3.672395,5.012326,11.33019,7.386187,3.322857,8.331539,8.374585,2.095906,1.056128,0.304289,1.671285,12.65312,4.493033,4.062667,3.026324,3.58315,10.60762,0.786279,9.876481,1.501541,5.468025,5.654443,2.223726,10.58416,8.040589,5.673536,2.543195,3.71715,7.100935
2080,4.496653,6.597649,8.763813,6.157314,7.471922,0.722606,2.692956,3.879508,3.339254,3.218167,9.240808,10.03205,2.897134,4.618427,1.205796,0.932221,7.12116,8.301145,3.39115,3.375164,4.389557,5.488569,11.34245,11.4665,4.352918,11.34622,11.13405,10.49044,2.35233,4.087029,6.581501,7.947519,1.480521,7.03096,3.309274,9.961518,9.747486,7.127404,2.695788,5.911352,1.499388,11.74483,2.520977,7.98158,0.856103,1.447626,5.292958,11.53623,12.17919,3.559507,8.578422,1.725816,10.65239,6.19476,4.431419,5.06109,6.703106,4.468825,2.599988,2.193973,0.0092,7.358294,5.281903,1.413035,4.924957,5.316731,8.332256,2.787731,5.032378,6.257784,0.058442,2.537057,3.755227,11.74044,9.078487,2.722214,6.957104,8.969932,0.828484,1.080398,0.200526,2.470734,11.4775,5.336736,3.455809,3.421488,1.832692,11.93317,1.842961,8.115262,1.983574,5.080444,5.626559,3.420238,10.88444,7.106411,6.868647,3.015176,4.287089,7.171355
2081,6.006674,7.307003,9.353303,6.044756,6.632533,1.26571,1.64654,3.178485,4.11873,3.973791,10.637,9.764382,2.240054,4.657168,0.735715,0.014384,5.535935,8.373088,5.108161,2.878983,4.750941,5.239256,11.80402,11.95043,4.348447,10.03582,11.60368,11.13691,2.878011,5.067168,6.554685,7.590913,0.436753,7.378865,4.828052,9.674161,9.408836,5.595122,4.951636,6.876342,1.559952,11.34577,2.020237,8.534027,3.616008,3.096791,6.618625,11.24222,11.85665,2.073669,7.689918,0.511271,9.831663,4.879589,3.871978,4.74725,7.752797,5.32849,3.133931,1.885459,1.154947,8.492512,5.818345,0.415193,3.623077,5.400902,8.647879,1.75978,3.533209,7.920918,1.156462,1.995537,5.539335,10.84223,8.215934,1.761121,7.443118,9.256719,0.960447,0.415269,0.61291,3.95637,11.77302,6.549044,2.307422,5.658224,1.176439,11.07678,1.396509,7.187413,0.173487,5.105895,4.959063,3.766213,11.35617,5.913598,7.961412,4.061724,4.041102,9.269537
2082,6.1218,6.25767,9.590847,5.799338,5.848744,1.660315,2.666063,0.719136,3.816346,3.849329,10.13139,8.876444,1.245039,4.812161,0.529154,1.982047,6.369099,10.57352,5.000092,4.418083,3.863423,4.654345,10.49431,11.14529,3.402928,8.680545,11.44871,11.20567,2.186448,5.315799,6.909211,6.685387,0.522512,7.341445,5.170096,9.07365,10.57798,5.943667,3.584033,6.74307,1.88525,12.59221,1.915715,9.338451,2.261587,1.578342,6.433004,10.36642,11.51569,1.496504,7.671428,0.308107,9.960852,5.780371,4.659315,4.123126,7.453596,5.399954,3.555078,2.945718,1.412569,9.519346,6.348278,1.332772,3.700623,4.617376,9.016016,0.581872,4.015388,7.318643,0.44135,1.31623,4.245858,10.90015,8.318193,1.414927,8.209996,9.069368,1.050844,0.011823,0.255323,4.811966,10.89429,5.125907,1.752815,5.612991,0.153283,10.5021,1.031489,8.137545,0.301901,4.059855,4.654086,2.619269,10.02947,6.640588,7.460376,5.292706,5.259816,7.208019
2083,6.223514,6.414064,9.963993,6.489958,6.369188,0.30543,3.32745,0.662313,3.409471,6.23864,9.57247,10.3843,0.597181,4.648999,0.076386,2.701793,5.636691,10.2866,5.496119,3.161164,2.623827,5.252481,9.050542,11.81236,3.738468,10.5748,12.79021,11.30801,0.035341,6.158426,6.580745,6.745486,0.056911,9.993697,4.42428,10.84418,10.10629,6.003068,4.094174,8.47038,1.31278,11.52623,2.617233,9.588074,2.579384,2.658742,7.452961,10.87303,11.72993,1.234306,6.181284,0.346833,11.13181,6.071308,3.946136,5.018311,6.916931,6.957606,5.835767,3.537393,0.48806,8.953363,4.106214,0.154353,3.269192,5.349477,9.277641,0.995819,2.886978,8.037924,1.905181,1.450858,3.775718,12.33844,7.426216,2.571599,8.154134,9.275163,0.270704,0.726282,1.199127,4.881977,10.61883,6.390538,2.285879,6.190104,0.368505,8.712641,1.276146,8.192914,0.364275,3.550476,2.863035,3.713173,10.02112,7.091123,7.654924,6.223584,4.787379,8.272111
2084,5.85354,5.137951,10.81149,6.109826,6.942708,0.409647,2.038567,2.316297,2.604262,7.357105,8.618286,10.51885,0.441078,6.653231,1.502029,2.555352,7.161187,10.46871,4.127708,3.239865,2.096894,2.938194,10.68314,11.17517,3.649254,10.68409,11.36783,12.49605,0.10566,6.794434,5.884665,6.173095,0.974744,9.831793,5.728104,11.57761,10.69819,5.480014,4.038623,8.246695,1.799387,11.32457,1.995433,9.136841,4.02075,1.212704,7.802925,9.874148,12.99964,1.347696,6.988783,0.430443,10.67852,5.393847,4.181886,3.966856,6.711852,6.882459,6.064545,3.203237,1.635904,10.20967,3.788834,0.697276,3.570191,6.084294,8.793285,0.657348,2.883887,7.514816,3.301313,1.969367,3.938868,11.72924,8.835375,2.107071,8.949779,10.00818,0.917958,0.178633,1.222637,5.261034,10.40495,7.402626,4.771384,4.56304,0.332746,8.100713,3.419824,8.02125,0.012986,3.700382,2.232328,5.508943,9.531185,6.323342,7.792674,6.621589,4.419306,7.761982
2085,5.207776,5.035258,11.43168,5.36973,7.083906,2.151217,3.253244,2.382754,3.00363,8.26249,8.937307,10.71224,0.692369,5.990863,1.434422,3.378689,7.448093,10.43891,4.055373,1.683143,1.377664,2.754224,10.53849,8.608817,4.521769,11.39734,12.03849,11.60316,0.246221,6.507235,6.345492,6.981785,1.025557,10.79513,6.319228,11.11596,10.67257,5.430726,2.983134,7.376923,2.64138,9.801922,2.099032,10.65067,4.073184,2.160347,7.720595,10.97939,11.20029,1.664778,7.753922,0.198116,12.46636,6.017867,3.27943,4.440592,7.730522,7.986752,6.416923,2.281561,2.288259,10.46868,2.515203,0.777696,5.116392,4.538547,9.052739,1.15487,2.554499,5.909695,2.83324,3.097448,3.502025,10.86322,9.88333,2.622912,8.798393,8.541048,0.680498,0.673628,0.09362,4.344747,9.830044,7.835925,4.34198,3.433122,0.03842,8.275824,3.278638,9.153653,0.793999,3.210165,1.96238,5.237932,9.478085,7.374781,7.944968,5.351951,4.957244,8.189578
2086,5.142248,7.805314,9.917494,6.535727,7.80474,3.074527,4.914108,1.987587,3.704509,8.746948,6.944373,10.16322,0.104535,5.349221,1.184429,2.461794,6.862205,11.02736,4.248769,0.917174,0.198421,4.233448,9.75853,9.749689,5.848561,11.92295,11.96921,11.20542,0.605847,6.170243,7.998179,6.722468,0.79266,9.549906,6.755749,11.29766,10.5269,5.037534,1.98075,6.653566,4.266572,11.42456,1.823364,11.5143,4.103941,1.138193,7.220393,11.85496,10.51939,1.21172,8.406781,1.023743,11.62691,6.984995,3.480002,4.501735,8.857057,6.873494,6.90838,2.755402,2.442407,9.522969,2.774922,1.197699,3.927754,4.125944,8.554635,0.798398,2.710301,8.164913,4.188344,4.916493,5.94027,11.26416,7.777065,1.748227,8.144652,8.046758,1.557376,2.623752,0.270336,4.686614,9.887812,8.737494,4.427653,4.824184,1.902087,8.447237,2.088615,9.388946,2.068771,1.625148,2.235497,6.731601,9.67783,5.37993,8.268548,6.360316,3.084397,7.124125
2087,4.308043,8.745018,9.286547,7.245144,7.327664,3.058777,4.528037,2.778778,2.985467,8.59525,7.662564,10.44563,0.185142,5.831653,2.153236,2.235115,7.63648,11.30032,3.085091,1.967269,0.26443,5.334799,8.954157,9.14488,4.639007,10.88454,10.94472,11.46162,2.429987,4.710401,7.182833,6.112208,1.812548,10.56991,5.263549,11.65766,8.359441,4.685808,2.549105,6.16644,3.29407,11.33428,3.945789,12.2799,3.672643,1.003985,8.006193,12.63516,11.22369,3.283097,8.091791,0.368043,11.78656,7.956698,2.630984,4.144856,8.812456,6.782366,6.250899,1.898295,3.379702,9.560556,2.417382,0.128818,3.982643,5.285843,8.449471,0.129097,3.451538,7.966585,4.249598,5.123696,5.66827,12.27628,7.358214,1.737908,6.870146,8.746155,1.998913,3.005822,1.794736,4.658589,10.82523,8.335644,2.206907,6.207625,3.466164,9.629361,2.636443,7.602112,1.16761,1.617628,2.761484,6.208474,9.611471,6.292657,7.58248,6.589697,3.997019,7.685623
2088,3.22443,9.402677,9.353397,7.490427,7.477668,2.069977,5.103506,2.828793,2.619978,9.212287,7.354544,10.76109,0.235525,4.928991,2.692662,0.320668,6.515122,11.40961,3.137762,2.079536,0.010847,4.888619,9.894914,10.39665,5.886386,10.95096,11.25236,10.44728,1.479613,3.644801,6.274028,5.975785,1.204511,11.6158,6.871796,10.64229,8.21147,5.209105,2.723454,6.024842,2.079488,10.09096,3.704964,11.77608,3.300187,2.748507,9.551192,11.49188,11.78298,2.035979,6.073758,0.884041,11.53803,7.474442,3.140424,6.355453,8.612185,6.891676,5.875532,1.692113,3.500438,7.926204,2.21811,1.1056,3.83372,5.270231,9.261804,0.724929,2.484122,7.312245,5.007958,5.013679,5.72012,11.77898,6.573227,2.222548,7.751723,9.308306,1.88783,3.030862,1.082243,2.604103,11.40165,6.56381,1.605409,6.598597,4.486812,8.542815,1.450677,9.271006,0.792712,0.821708,1.932109,6.152551,9.437593,5.931984,7.808384,7.113989,5.612186,7.825533
2089,3.537598,9.01979,10.14082,5.582709,8.328181,3.471092,4.528042,3.409011,1.339646,8.583706,6.301314,11.14027,0.402848,4.372556,1.099489,1.319695,6.307175,11.32257,4.896287,2.975063,1.101868,3.12874,8.888664,10.96928,6.389464,10.36951,11.87422,11.08261,2.846812,3.117874,7.871158,4.916675,1.622956,14.16081,6.080512,11.15936,9.30544,3.847731,1.629155,6.898565,2.593108,10.78521,2.626018,10.70641,3.317497,1.982875,10.49933,11.38412,10.38226,0.27721,7.178046,1.247377,11.55056,7.419742,3.412665,6.113597,8.289516,7.298835,5.953864,1.134683,3.231367,7.676873,2.359198,1.327999,2.969457,5.993512,8.835287,0.624496,1.968957,5.677365,5.769061,5.353454,5.850701,10.30944,6.685287,1.283898,7.555682,9.963206,0.039444,3.994255,2.09332,2.023205,11.54513,6.3917,0.380344,7.396523,3.961992,7.800642,2.296535,11.57221,0.700373,0.79736,0.575422,6.640028,9.92613,6.814708,7.331896,6.779696,6.14748,9.144212
2090,5.586155,7.470057,10.64875,6.988625,8.864003,4.430877,4.447384,1.709706,1.077196,8.175539,6.517809,11.41491,0.634735,5.004755,2.183823,0.010841,7.121309,10.81266,5.270102,2.41156,0.648382,3.660278,9.178722,10.47998,5.908828,9.991364,11.31455,10.08264,1.017153,2.222066,8.105282,6.180322,0.353618,10.27135,5.066657,11.6828,9.120693,3.284801,0.816592,6.943723,1.904697,10.0348,3.355166,10.57025,2.931866,2.343394,11.6387,11.23667,11.34127,0.265983,8.658329,0.510667,10.53123,8.263159,4.114569,5.423795,8.200025,6.976475,5.798697,2.184531,2.35117,7.057325,4.19926,1.030682,3.205138,6.795602,8.458555,0.054202,3.34403,5.56407,5.792939,6.223672,6.336772,9.278063,6.415439,0.476319,6.476994,9.873871,0.357908,5.683708,1.252189,3.306962,10.91593,6.226461,1.246859,5.142792,4.351256,8.38438,2.774565,10.51429,1.253581,0.293587,0.909473,4.97573,10.5636,6.663879,6.974115,6.733672,7.232172,9.936027
2091,5.607545,6.678015,9.011255,7.413775,8.364665,4.749007,6.217238,1.368721,1.506993,9.312067,5.97819,11.75957,0.005527,5.647164,1.912418,1.724154,4.56095,10.77621,6.369498,1.014303,0.931914,4.260827,11.71413,11.11348,5.783362,9.106101,11.18787,10.32334,2.2763,1.1231,9.409345,5.863841,0.828834,10.41333,5.684546,12.59428,9.293236,3.488421,3.19895,6.022712,0.763093,11.0063,3.935616,9.387221,2.801556,1.278146,12.09205,11.91657,10.26192,0.315276,8.607099,0.75912,9.905383,8.046885,2.958815,4.152648,9.079128,6.338912,6.08109,0.320587,2.509547,6.382321,4.09254,2.635006,1.738968,8.264841,7.631073,0.162305,2.220089,4.110421,7.34006,5.921293,6.814204,7.918176,5.771995,0.186642,7.331312,8.655407,0.66945,6.221242,0.908745,2.479922,11.51976,5.865881,2.671208,4.374759,5.098681,8.488106,2.169928,11.79998,2.980683,0.656233,0.134132,6.840335,10.42414,8.739401,8.014946,6.656575,6.029531,10.50379
2092,4.97647,5.324944,9.149614,7.972077,8.010057,3.370803,6.61587,0.320915,1.14543,9.732094,7.179629,11.4264,0.005174,4.89387,1.867638,0.89041,3.739194,12.7845,4.614689,1.378413,1.0567,3.58739,11.44484,11.32791,6.011366,9.267725,9.649213,10.27514,3.542416,1.048623,8.483196,6.339016,2.403022,10.43232,5.007254,11.52458,8.841604,4.449171,2.82357,7.184422,1.199934,10.57236,3.856985,9.015034,3.255756,0.245959,11.92636,11.10374,10.65776,0.423052,8.75524,2.270673,9.719652,7.342092,3.010597,3.241955,7.926615,5.839397,5.718328,0.803056,2.480917,5.140297,4.661453,2.059894,1.98983,8.707976,8.386014,0.210216,1.98213,3.229419,6.831057,3.960942,7.24889,8.493151,7.418061,0.432004,7.349832,8.284426,0.199839,4.227565,3.056634,1.420968,11.24956,5.49579,2.348651,3.358376,4.230445,7.490059,0.700614,11.31627,0.012112,1.187739,1.013985,7.325477,10.7807,10.19645,6.989316,5.882894,6.93146,8.370699
2093,4.606268,3.555332,10.0572,7.760354,8.531316,4.05488,4.445359,0.819333,0.448755,13.53031,5.797088,9.930981,0.422661,5.237083,2.75885,2.070958,2.95357,11.3724,4.821493,1.647425,1.563643,3.432312,11.54288,11.51142,5.872444,9.125091,11.29906,10.27093,3.455887,1.69251,7.658988,6.232721,2.932189,9.61219,4.141446,10.75481,9.025454,3.42675,3.870041,7.691845,1.824253,11.64853,4.456991,8.590201,3.215311,0.40665,11.70581,12.53006,9.845054,0.151744,10.23448,0.967433,9.522098,6.866105,5.569829,3.252351,7.948998,5.991641,5.450215,0.8434,4.762108,5.173015,3.548022,2.34572,1.153007,10.79494,5.830262,0.106188,2.00953,5.762652,5.905859,1.367707,8.641551,8.009719,6.432675,0.461989,6.928023,8.47562,1.818431,4.364662,3.300681,1.95419,10.96716,5.468995,3.06234,2.836351,4.604822,7.570656,1.248177,9.413174,0.265045,2.03359,1.568359,7.630626,10.76261,8.184954,5.310454,7.123251,7.145394,7.699232
2094,4.552259,4.495405,11.97836,9.024152,8.470853,2.940532,3.773204,3.726304,0.086381,10.77576,5.652431,9.151151,1.346452,3.801125,3.873559,3.239743,3.703975,10.81088,4.758624,3.437343,0.784854,3.492485,14.12841,11.60707,6.163343,9.670109,10.39743,11.90955,4.126148,1.452033,9.547235,5.679369,1.854373,10.34774,3.953158,11.51407,9.269065,2.529855,4.395287,6.164996,1.670807,10.90439,3.011001,10.37829,3.35874,0.207032,11.53352,11.57595,9.923819,0.524676,10.02153,3.715956,8.51043,5.128308,5.486807,4.589978,7.215836,4.811,4.452073,1.533665,5.064688,4.397419,3.407937,1.314608,0.514434,9.495159,5.676103,1.229966,2.002647,8.421521,4.47664,1.240876,11.63029,8.01959,6.547857,2.09908,7.070601,9.672287,3.03565,4.430817,5.333718,2.152794,11.50968,6.602552,3.223803,3.312,6.076724,7.802182,0.99829,10.64511,0.40084,3.29457,2.517116,8.389293,13.10591,8.297632,6.19051,7.364544,6.608295,7.871567
2095,6.734443,3.334771,11.62009,8.589799,9.023446,3.174046,4.055278,1.577291,0.067893,11.31113,6.066497,9.492311,1.090274,3.007951,5.142523,2.407489,2.82869,10.97622,4.711936,4.653571,0.782639,3.374786,10.29727,11.07082,5.761301,11.50567,10.51523,11.48373,3.378411,1.325976,8.452583,6.372104,1.240103,10.08684,4.55097,11.57772,10.41469,3.929541,3.487228,7.349446,0.480729,10.40603,1.921928,10.47628,4.345781,2.086731,10.33444,11.41879,8.708187,0.575062,9.349379,3.965335,9.935521,3.633813,5.763537,4.400816,5.073221,5.17314,4.196507,1.603887,5.080344,5.70127,2.363609,0.102381,0.120217,11.01111,4.777284,1.060708,1.861607,6.891824,5.175088,1.721605,12.31564,6.793709,6.095809,4.20676,6.530407,10.21479,2.703713,3.120797,4.908153,2.149776,11.12231,6.124378,3.46483,5.769977,6.237951,8.595257,1.873398,9.980223,2.644123,2.366537,2.109081,8.513465,11.11527,8.353846,7.037478,6.680247,6.921896,5.36271
2096,7.373482,2.444085,12.65509,8.409832,9.563073,4.01787,3.792478,1.26874,1.640961,10.60961,6.832222,9.508124,1.047945,4.331172,4.861954,1.49563,4.97898,10.65647,3.38216,3.723572,0.85386,2.681596,10.04185,12.02754,6.620453,10.63941,9.556359,11.99078,3.199868,0.408959,7.197678,5.854467,1.186036,10.03071,5.35108,11.20461,10.60732,5.494724,2.926115,7.100625,1.708272,10.1329,2.72144,10.53914,4.141865,2.836331,8.721255,9.294052,8.270914,0.363289,10.17669,5.13457,11.46011,2.355741,7.877815,4.340094,5.210003,4.967839,3.38123,0.937978,5.193255,6.075961,3.937027,0.663004,0.796048,11.38023,5.940206,0.985175,3.617044,9.490156,6.795114,3.226564,11.74749,8.278872,6.297857,4.120686,6.326169,9.974494,2.748829,4.464454,4.636676,3.131857,10.77019,6.125517,2.016147,5.718709,5.389885,8.977462,0.324358,10.08102,2.802446,3.876059,0.328983,10.04889,10.45471,10.14719,6.51711,8.615173,7.809912,6.068834
2097,9.13263,1.514097,11.47593,8.122302,9.621011,4.125335,3.925516,1.340516,0.835551,9.660257,6.386915,7.041669,0.428224,4.06092,4.664922,2.277804,3.923005,9.07004,2.417326,3.049627,0.505945,1.655139,9.381582,11.97796,6.2434,9.76997,9.806238,11.18593,3.458319,0.214744,5.924795,5.565549,0.867253,10.73151,4.194438,11.66739,10.30104,5.536316,3.362711,7.583956,2.321987,13.00918,4.716368,10.42702,6.044667,2.665244,7.574615,9.196915,9.30559,0.457641,9.85143,4.672973,10.49211,0.775999,7.010137,4.525203,6.099664,4.856927,2.627553,2.546145,4.758533,6.216241,4.624828,0.216137,1.488975,10.4716,6.632325,0.799399,4.569231,8.572957,8.363058,1.688476,10.77051,9.046107,7.124311,3.896391,6.951655,8.65573,2.196267,5.350679,4.753292,1.266867,12.13066,6.133391,2.196429,4.751505,5.911,8.812822,0.534959,9.111057,3.564553,3.557788,0.341137,11.10133,8.457075,10.77469,5.102931,7.908052,7.040802,4.900856
2098,8.44027,1.893186,11.07566,7.489857,9.186396,5.011739,3.356618,0.270844,1.302703,9.48075,6.676202,6.330925,1.077085,4.588825,3.945774,1.778756,4.057688,7.794117,3.95012,4.757494,0.43357,1.609836,8.548954,10.17496,5.078522,9.451711,9.941094,11.6439,2.519365,1.24995,5.729657,5.790818,0.7283,11.24545,3.978258,12.31853,10.65869,5.560617,3.967285,6.216735,2.765001,11.19266,4.579967,11.03178,6.443869,3.722906,8.635336,9.875162,10.69624,1.282094,9.262605,5.051329,10.78185,0.826856,7.271416,2.432481,5.335961,5.1085,2.921765,2.304257,4.985428,6.282719,4.976358,1.164568,1.094028,9.693267,7.741387,0.280186,6.103575,9.560164,6.904672,0.785728,10.53369,9.493758,7.279533,3.906402,7.003286,10.05275,0.391624,6.665463,5.692451,1.295228,11.89548,3.969074,2.162675,4.080247,6.774378,9.091165,1.618165,8.205348,3.90684,4.026191,0.056005,12.31866,9.230736,8.673751,6.127799,7.592996,9.175683,3.259602
2099,10.11363,1.945273,10.70073,6.157889,9.961033,4.661864,3.618879,0.492156,1.777097,8.503085,6.2835,6.755644,0.655726,4.77041,1.847442,0.445266,4.194395,7.867309,1.478082,2.965029,0.219589,0.797284,7.510425,10.37152,5.283851,9.134328,8.220084,14.10464,2.382682,2.182669,5.88186,4.620656,0.708711,10.72553,4.254944,11.74518,10.49613,4.606725,3.973876,6.29501,4.383096,11.19229,4.120318,11.73041,6.697961,5.838938,9.182311,11.70824,12.47072,2.123713,10.28403,5.963115,9.830708,0.236198,6.095866,1.896904,5.163969,5.12616,3.342134,1.375484,6.336294,5.700374,5.942345,0.437803,2.093898,9.801737,8.098962,0.151752,5.100006,9.141191,8.138297,0.744803,10.63,9.879688,6.238715,4.861573,8.019782,8.513619,2.495159,5.533102,5.904603,1.147056,12.24151,4.34761,2.516053,3.881632,6.133993,9.198961,1.710813,8.942993,5.366457,5.191479,0.098794,11.74508,8.245182,9.250286,5.670224,7.722167,8.914935,2.381299
2100,11.77035,3.057918,11.06272,5.150613,8.170454,5.014131,2.79457,0.234061,0.764356,7.985806,5.66594,8.571382,0.831035,4.552154,2.207832,1.890129,4.291699,7.511481,2.870515,3.058888,1.08395,1.018687,7.079994,10.10434,3.622334,8.363933,7.156596,10.31629,3.797219,4.785735,6.57758,4.007591,1.757057,11.48535,5.033911,9.775335,10.95624,3.621387,5.526158,6.678851,3.553775,10.01994,3.338629,12.18181,6.153672,3.638052,9.171927,11.11608,11.62342,3.48143,9.329608,3.533403,8.26314,0.158325,5.469718,0.479703,6.787923,5.894855,2.788396,3.313292,6.390928,5.978156,5.996586,0.003505,3.224477,9.385357,7.781945,0.46614,5.737871,7.940898,9.413511,0.09023,10.8614,10.41307,6.695377,4.271731,8.46353,8.314434,1.926394,4.84614,3.966615,2.637901,11.8068,5.886898,2.147281,4.124305,6.50511,9.024067,1.001202,9.016177,6.667973,4.84827,0.985253,12.11951,8.352863,9.580045,5.973253,9.52597,7.894244,3.493802
